current_name,new_name,type,tag
good-life-broome.pdf,good life broome,conference paper,activism coloniality
taking-it-to-the-street.pdf,taking it to the street,journal article,activism coloniality
navigating-borderlands.pdf,navigating borderlands,book review,coloniality
unstable-relations.pdf,unstable relations,book review,coloniality
activisms-atmoshpheres-and-the-affective-life-of-broome.pdf,activisms atmoshpheres and the affective life of broome,phd thesiis,activism coloniality
public-housing-renewal-program.pdf,public housing renewal program,research report,public housing
accessible-and-inclusive-geelong.pdf,accessible and inclusive geelong,research report,disability
apprehending-felt-futures-in-broome-australia.pdf,,journal article,activism coloniality
encountering-naturecultures-in-the-urban-anthropocene.pdf,,journal article,editorial
experiential-attunements-in-an-illuminated-city-at-night-a-p.pdf,,journal article,methods
beyond-the-frame-beyond-critique-reframing-place-through-mor.pdf,,journal article,activism
contemporary-antiracism.pdf,contemporary antiracism,book chapter,antiracism
building-an-accessible-and-inclusive-city.pdf,building an accessible and inclusive city,book chapter,disability
from-rhetoric-to-actuality.pdf,,conference paper,disability
practising-lively-geographies-in-the-city-encountering-melbo.pdf,,journal article,methods
perspectives-on-urban-greening.pdf,perspectives on urban greening,research report,urban greening
nlasn-homelessness-response-to-covid.pdf,nlasn homelessness response to covid,research report,homelessness
cities-for-people-and-nature.pdf,cities for people and nature,ebook,urban greening
heart-of-melbournes-north.pdf,,industry article,homelessness
a-lottery-of-perilous-options-crisis-accommodation-in-melbou.pdf,,industry article,homelessness
tidal-country-and-cultures-in-northern-australia.pdf,tidal country and cultures in northern australia,book chapter,coloniality
wild-policy.pdf,wild policy,book review,coloniality
housing-at-the-fulcrum-a-systems-approach-to-uncovering-buil.pdf,,journal article,disability
urban-greening-for-health-and-wellbeing-in-low-income-commun.pdf,,journal article,urban greening
re-scaling-social-mix-public-housing-renewal-in-melbourne.pdf,,journal article,public housing
wastelands-to-wetlands-questioning-wellbeing-futures-in-urba.pdf,,journal article,urban greening
social-mix-at-nightingale-village.pdf,,research report,housing
overcoming-obstacles-to-accessibility-and-inclusivity-in-an.pdf,,journal article,disability
wet-market-biosecurity-reform-three-social-narratives-influe.pdf,,journal article,wet market
victorias-housing-statement.pdf,victorias housing statement,research report,public housing
ground-lease-model.pdf,ground lease model,research report,public housing
public-housing-relocation.pdf,public housing relocation,research report,public housing
postcolonizing-housing.pdf,postcolonizing housing,book chapter,housing coloniality
dwelling-justice-locating-settler-relations-in-research-and.pdf,,journal article,housing coloniality activism
possessory-stratigraphy-land-title-dispossession-and-housing.pdf,,journal article,public housing coloniality
abolitionist-university.pdf,abolitionist university,book chapter,activism
parliamentary-inquiry-submission.pdf,parliamentary inquiry submission,research report,public housing
public-housing-renewal-demographic-analysis.pdf,public housing renewal demographic analysis,research report,public housing
this-is-not-a-housing-crisis-introduction-to-the-special-iss.pdf,,journal article,editorial
out-from-behind-the-glass-the-case-for-assertive-outreach.pdf,,industry article,homelessness
participatory-approaches.pdf,participatory approaches,book chapter,methods